loss,mae,mape,val_loss,val_mae,val_mape,learning_rate
2.719442129135132,1.2702618837356567,283.932861328125,1.157584309577942,0.9373835325241089,95.23053741455078,0.0010000000474974513
2.005568504333496,1.0555143356323242,269.0767822265625,1.1204437017440796,0.9154793620109558,91.15969848632812,0.0010000000474974513
1.5888549089431763,0.9968100786209106,203.85650634765625,1.0922365188598633,0.9037182331085205,90.24586486816406,0.0010000000474974513
1.323167085647583,0.8786970973014832,176.28956604003906,0.9958722591400146,0.8728376626968384,87.23490142822266,0.0010000000474974513
1.325195550918579,0.8879384994506836,163.16075134277344,0.9330241084098816,0.833960235118866,83.53450775146484,0.0010000000474974513
1.3262007236480713,0.8794900178909302,175.15228271484375,0.889678955078125,0.7972807884216309,78.8674087524414,0.0010000000474974513
1.0746934413909912,0.7733315229415894,147.68934631347656,0.8916109800338745,0.7842821478843689,77.63208770751953,0.0010000000474974513
1.0493042469024658,0.781926155090332,166.3190155029297,0.8265755772590637,0.7498050928115845,74.9840087890625,0.0010000000474974513
0.9499315023422241,0.7090285420417786,159.8188018798828,0.7926275730133057,0.7096399664878845,71.0904541015625,0.0010000000474974513
0.9263684153556824,0.727911114692688,149.30996704101562,0.7759034037590027,0.6794378161430359,69.02791595458984,0.0010000000474974513
0.9730003476142883,0.7145077586174011,157.0037078857422,0.7195882201194763,0.6497770547866821,65.31752014160156,0.0010000000474974513
0.990654706954956,0.7332119941711426,160.0063934326172,0.6908831000328064,0.6351003646850586,65.10774993896484,0.0010000000474974513
0.8940678238868713,0.7057033777236938,151.5811004638672,0.6045780181884766,0.5836493372917175,63.82417678833008,0.0010000000474974513
0.8563482761383057,0.6881678700447083,155.3605194091797,0.5821515321731567,0.5755745768547058,63.23771667480469,0.0010000000474974513
0.7449029684066772,0.6446543335914612,119.59654235839844,0.5709004402160645,0.5667113661766052,63.05198669433594,0.0010000000474974513
0.8889595866203308,0.7104011178016663,147.00633239746094,0.524296760559082,0.5464808344841003,65.88121032714844,0.0010000000474974513
0.8397020101547241,0.6874371767044067,152.2027130126953,0.5086362361907959,0.5078388452529907,66.18444061279297,0.0010000000474974513
0.8479010462760925,0.6942386031150818,165.8365936279297,0.5247630476951599,0.5263605117797852,68.51010131835938,0.0010000000474974513
0.7733630537986755,0.628660261631012,130.5415496826172,0.5320637226104736,0.5249804854393005,67.58785247802734,0.0010000000474974513
0.8033933639526367,0.6792380213737488,140.3728790283203,0.5301498174667358,0.5108786821365356,61.12911605834961,0.0010000000474974513
0.7628118395805359,0.6463207006454468,134.8331756591797,0.5217843651771545,0.49976301193237305,61.53076171875,0.0010000000474974513
0.7861008644104004,0.6766253709793091,144.89132690429688,0.5170134902000427,0.5015991926193237,57.20722198486328,0.0010000000474974513
0.779138445854187,0.6540040373802185,144.27415466308594,0.5286218523979187,0.49552980065345764,58.452659606933594,0.0010000000474974513
0.6912801861763,0.6072992086410522,128.05374145507812,0.5358733534812927,0.5154575705528259,59.36268615722656,0.0010000000474974513
0.7001985907554626,0.6265293955802917,147.05389404296875,0.5700002908706665,0.519813060760498,63.869075775146484,0.0010000000474974513
0.6366385817527771,0.5782896876335144,138.82960510253906,0.5464453101158142,0.5150200724601746,60.722267150878906,0.0010000000474974513
0.6578712463378906,0.6019420623779297,134.58856201171875,0.5172385573387146,0.49665430188179016,56.88358688354492,0.0010000000474974513
0.7429943084716797,0.6334375739097595,131.95053100585938,0.5037199854850769,0.4869479238986969,54.82125473022461,0.0005000000237487257
0.6774325370788574,0.6020262241363525,137.9510498046875,0.48154085874557495,0.4740345776081085,52.89836120605469,0.0005000000237487257
0.6587885022163391,0.5713549852371216,130.66299438476562,0.47191622853279114,0.4680660367012024,52.27442932128906,0.0005000000237487257
0.6282911896705627,0.58352130651474,112.22138977050781,0.48428913950920105,0.4768368899822235,52.21603775024414,0.0005000000237487257
0.6530905365943909,0.5876582264900208,124.41407012939453,0.48613089323043823,0.4791429340839386,51.922874450683594,0.0005000000237487257
0.6962395906448364,0.6029877066612244,123.55908966064453,0.48009926080703735,0.4737486243247986,51.15382385253906,0.0005000000237487257
0.5664743185043335,0.548537015914917,109.86133575439453,0.4782696068286896,0.4680047631263733,50.89801025390625,0.0005000000237487257
0.6391029357910156,0.5745202302932739,113.7091293334961,0.4754403829574585,0.4606168866157532,50.85794448852539,0.0005000000237487257
0.6340671181678772,0.5908281207084656,126.08795166015625,0.47708624601364136,0.4636458158493042,51.092193603515625,0.0005000000237487257
0.6164841055870056,0.557492733001709,117.93973541259766,0.4775298237800598,0.456412672996521,50.8730583190918,0.0005000000237487257
0.5955268740653992,0.560348391532898,118.4669418334961,0.47499769926071167,0.4549781084060669,50.669124603271484,0.0005000000237487257
0.6003768444061279,0.5523011684417725,120.23326110839844,0.464523047208786,0.4521810710430145,49.78121566772461,0.0005000000237487257
0.5372809767723083,0.5299793481826782,116.44000244140625,0.4667896330356598,0.459195077419281,51.33053970336914,0.0005000000237487257
0.6354994773864746,0.5622069239616394,110.68850708007812,0.4601209759712219,0.4560469388961792,50.955875396728516,0.0005000000237487257
0.5983101725578308,0.5508003830909729,125.402587890625,0.45053431391716003,0.45670029520988464,50.409645080566406,0.0005000000237487257
0.5973351001739502,0.5458579659461975,116.72562408447266,0.45837876200675964,0.46217700839042664,51.31288528442383,0.0005000000237487257
0.5947612524032593,0.5601972937583923,109.63092041015625,0.4722380042076111,0.46579402685165405,52.409576416015625,0.0005000000237487257
0.5925832390785217,0.5501900911331177,124.04753875732422,0.4583744406700134,0.4619477093219757,52.13499450683594,0.0005000000237487257
0.6211667060852051,0.5719525218009949,134.8107147216797,0.43170711398124695,0.4505149722099304,51.75444793701172,0.0005000000237487257
0.5843164920806885,0.5423206686973572,122.97029113769531,0.41352906823158264,0.4423406422138214,51.5009765625,0.0005000000237487257
0.5498292446136475,0.5320928692817688,112.45093536376953,0.42619025707244873,0.4457954466342926,51.848018646240234,0.0005000000237487257
0.515591025352478,0.5170101523399353,117.80378723144531,0.43263086676597595,0.4482181668281555,50.5522575378418,0.0005000000237487257
0.521378219127655,0.5092741250991821,113.3773422241211,0.42851266264915466,0.44691768288612366,52.156402587890625,0.0005000000237487257
0.5692448019981384,0.5426951050758362,136.39053344726562,0.44687575101852417,0.45141157507896423,52.861568450927734,0.0005000000237487257
0.5537711977958679,0.5260619521141052,113.26577758789062,0.4311577379703522,0.44195619225502014,50.589717864990234,0.0005000000237487257
0.542729914188385,0.5251401662826538,123.12500762939453,0.42929506301879883,0.4432384967803955,48.92115783691406,0.0005000000237487257
0.5433348417282104,0.5335009098052979,122.64558410644531,0.43350568413734436,0.44279924035072327,48.656532287597656,0.0005000000237487257
0.5638835430145264,0.5298124551773071,124.23001098632812,0.4359746277332306,0.4440372884273529,48.63789749145508,0.0005000000237487257
0.5292733907699585,0.5122625231742859,115.5954360961914,0.4311144948005676,0.4500468075275421,50.12855529785156,0.0005000000237487257
0.5333954095840454,0.5205387473106384,130.58660888671875,0.4360848665237427,0.44449445605278015,50.641998291015625,0.0005000000237487257
0.5470543503761292,0.5229327082633972,121.66476440429688,0.43871355056762695,0.4461992084980011,51.90812301635742,0.0002500000118743628
0.5591962933540344,0.5401071906089783,122.2999038696289,0.43734341859817505,0.44449737668037415,50.28290557861328,0.0002500000118743628
0.5375299453735352,0.5277954339981079,123.40989685058594,0.4432237446308136,0.44098153710365295,49.57144546508789,0.0002500000118743628
0.4565047025680542,0.4828348159790039,113.6391372680664,0.43976882100105286,0.4420236349105835,49.457149505615234,0.0002500000118743628
0.5276283025741577,0.5151236057281494,117.39241027832031,0.4369882345199585,0.441619873046875,49.23579788208008,0.0002500000118743628
0.5190152525901794,0.5170936584472656,114.88424682617188,0.43903860449790955,0.44105064868927,49.01082229614258,0.0002500000118743628
0.5092197060585022,0.5203304290771484,116.91419219970703,0.43988651037216187,0.44122934341430664,48.942020416259766,0.0002500000118743628
0.5267875790596008,0.5219005346298218,122.2372055053711,0.424730509519577,0.4409927725791931,49.163421630859375,0.0002500000118743628
0.5557471513748169,0.5292817950248718,127.10194396972656,0.4254390597343445,0.44123560190200806,49.097618103027344,0.0002500000118743628
0.4969835579395294,0.49803951382637024,104.67366790771484,0.43589574098587036,0.44423243403434753,50.45759963989258,0.0002500000118743628
0.506702184677124,0.5002431869506836,103.13223266601562,0.4297320544719696,0.44204068183898926,50.661888122558594,0.0001250000059371814
0.4731020927429199,0.5017503499984741,111.56753540039062,0.42994269728660583,0.44034266471862793,50.86586380004883,0.0001250000059371814
0.4955073893070221,0.4931126534938812,99.76114654541016,0.4342045783996582,0.43857693672180176,51.150840759277344,0.0001250000059371814
0.5236111879348755,0.5102691054344177,124.54036712646484,0.42489275336265564,0.4371601939201355,50.263031005859375,0.0001250000059371814
0.4795728027820587,0.4941020607948303,115.24646759033203,0.4263859987258911,0.4383978843688965,50.23771286010742,0.0001250000059371814
0.5174025893211365,0.5107793807983398,114.84793853759766,0.4338966906070709,0.4401478171348572,50.66085433959961,0.0001250000059371814
0.5228102803230286,0.5080020427703857,112.36865234375,0.43248531222343445,0.4402393698692322,50.06142044067383,0.0001250000059371814
0.4791508615016937,0.4884701669216156,111.48021697998047,0.4284595847129822,0.4400158226490021,50.184078216552734,0.0001250000059371814
0.5024112462997437,0.5003223419189453,111.84410858154297,0.4229101836681366,0.4378790259361267,49.87947082519531,0.0001250000059371814
0.4668685495853424,0.4791546165943146,109.27593994140625,0.41916272044181824,0.43601658940315247,49.44158172607422,0.0001250000059371814
